{"current":{"color_body_bg":"#ffffff","color_input":"#1c1d1d","color_drawer_background":"#000000","cart_notes_enable":true,"social_facebook_link":"https:\/\/www.facebook.com\/shopify","social_twitter_link":"https:\/\/twitter.com\/shopify","social_pinterest_link":"https:\/\/www.pinterest.com\/shopify","social_instagram_link":"https:\/\/instagram.com\/shopify","social_youtube_link":"https:\/\/www.youtube.com\/user\/shopify","favicon":"shopify:\/\/shop_images\/cover.png","checkout_accent_color":"#a26b25","checkout_button_color":"#000000","checkout_error_color":"#e32c2b","sections":{"header":{"type":"header","settings":{"logo":"shopify:\/\/shop_images\/default.png","logo_max_width":170,"header_color":"#000000","transparent_header_enable":true,"transparent_header_color":"#ffffff","search":"modal","main_menu_link_list":"main-menu","drawer_bottom_link_list":"footer","drawer_search_enable":false,"show_announcement":true,"home_page_only":true,"text":"Ingenious-ly Simply Fantastic","color_bg":"#1c1d1d","color_text":"#ffffff"}},"slideshow":{"type":"slideshow","blocks":{"slideshow-1":{"type":"slide","settings":{"video_slide":false,"video_name":"","image":"shopify:\/\/shop_images\/sigmund-q6E_ItuUSec-unsplash.jpg","image_position":"center center","image_overlay":true,"image_overlay_opacity":25,"text_alignment":"center","slide_heading":"Households","slide_subheading":"","button_label":"Shop now","button_link":"shopify:\/\/collections\/all","slide_text_color":"#ffffff","slide_button_label_color":"#ffffff","slide_button_background_color":"#1f2021"}},"slideshow-0":{"type":"slide","settings":{"video_slide":true,"video_name":"Store_Intro.mp4","image_position":"center center","image_overlay":true,"image_overlay_opacity":19,"text_alignment":"center","slide_heading":"Apparels","slide_subheading":"","button_label":"Shop now","button_link":"shopify:\/\/collections\/all","slide_text_color":"#ffffff","slide_button_label_color":"#ffffff","slide_button_background_color":"#1f2021"}}},"block_order":["slideshow-1","slideshow-0"],"settings":{"home_hero_height":"adapt","hero_home_auto":false,"home_hero_auto_speed":3}},"featured-content":{"type":"featured-content","disabled":true,"settings":{"home_page_full_width":false,"section_title":"","text":"<p>Use this text to share information about your brand with your customers. Describe a product, share announcements, or welcome customers to your store.<\/p>","text_size":"large"}},"featured-collections":{"type":"featured-collections","blocks":{"featured-collections-0":{"type":"collection","settings":{"collection":"frontpage"}}},"block_order":["featured-collections-0"],"settings":{"title":"Collection list"}},"featured-products":{"type":"featured-products","disabled":true,"settings":{"title":"Featured collection","home_featured_products":"","collection_products_grid":"grid"}},"featured-product":{"type":"featured-product","settings":{"featured_product":"gcarol-fall-winter-women-extra-long-hooded-suits-80-cotton-fleece-oversized-boyfriend-sweatshirt-elastic-waist-harem-pants-sets","show_variant_labels":true,"show_vendor":false,"enable_payment_button":true,"show_share_buttons":true,"enable_video_looping":false}},"newsletter":{"type":"newsletter","disabled":true,"settings":{"heading":"Subscribe to our newsletter","subheading":"<p>Be the first one to see new launches<\/p>"}},"footer":{"type":"footer","settings":{"show_payment_icons":true,"show_locale_selector":true,"show_currency_selector":true,"footer_link_list":"footer"}},"16201447693ee1c0af":{"type":"index-slideshow-desktop","disabled":true,"blocks":{"16201447693ee1c0af-0":{"type":"image","settings":{"overlay_opacity":15,"title":"Image slide","description":"Tell your brand's story through images.","text_align":"align--middle-center","link_text":"View products","button_style":"btn"}},"16201447693ee1c0af-1":{"type":"image","settings":{"overlay_opacity":15,"title":"Image slide","description":"Tell your brand's story through images.","text_align":"align--middle-center","link_text":"View products","button_style":"btn"}},"85c13298-a954-4a18-81ba-a05cc7933dc1":{"type":"image","settings":{"overlay_opacity":15,"title":"Image slide","description":"Tell your brand's story through images.","text_align":"align--middle-center","link_text":"View products","button_style":"btn"}}},"block_order":["16201447693ee1c0af-0","16201447693ee1c0af-1","85c13298-a954-4a18-81ba-a05cc7933dc1"],"settings":{"autoplay":false,"autoplay_speed":8,"height":"use_screen_two_thirds","color":"palette--contrast--dark"}},"1620144787d96be67c":{"type":"index-slideshow-mobile","disabled":true,"blocks":{"1620144787d96be67c-0":{"type":"image","settings":{"overlay_opacity":15,"title":"Image slide","description":"Tell your brand's story through images.","text_align":"align--middle-center","link_text":"View products","button_style":"btn"}},"1620144787d96be67c-1":{"type":"image","settings":{"overlay_opacity":15,"title":"Image slide","description":"Tell your brand's story through images.","text_align":"align--middle-center","link_text":"View products","button_style":"btn"}}},"block_order":["1620144787d96be67c-0","1620144787d96be67c-1"],"settings":{"autoplay":false,"autoplay_speed":8,"height":"use_screen_two_thirds","color":"palette--contrast--dark"}},"collection-template":{"type":"collection-template","settings":{"show_collection_image":false,"collection_sort_enable":false,"collection_tags_enable":true,"collection_products_grid":"collage","product_vendor_enable":false}},"product-template":{"type":"product-template","settings":{"product_vendor_enable":false,"social_sharing_products":true,"quantity_enabled":false,"product_selector":"radio","enable_payment_button":true,"add_to_cart_button_size":"small","media_layout":"stacked","enable_image_zoom":false,"enable_video_looping":false}},"product-recommendations":{"type":"product-recommendations","settings":{"show_product_recommendations":true,"heading":"You may also like"}},"list-collections-template":{"type":"list-collections-template","blocks":{"fcd0f749-e9ae-4098-9ddd-c47fcacfd435":{"type":"collection","settings":{"collection":"apparels"}}},"block_order":["fcd0f749-e9ae-4098-9ddd-c47fcacfd435"],"settings":{"display_type":"all","sort":"alphabetical"}}},"content_for_index":["slideshow","featured-content","featured-collections","featured-products","featured-product","newsletter","16201447693ee1c0af","1620144787d96be67c"]},"presets":{"Classic":{"checkout_accent_color":"#a26b25","checkout_button_color":"#000000","checkout_error_color":"e32c2b","sections":{"header":{"type":"header","settings":{"show_announcement":true}},"slideshow":{"type":"slideshow","blocks":{"slideshow-0":{"type":"slide","settings":{}},"slideshow-1":{"type":"slide","settings":{}}},"block_order":["slideshow-0","slideshow-1"],"settings":{}},"featured-content":{"type":"featured-content","settings":{"section_title":"","text_size":"large"}},"featured-collections":{"type":"featured-collections","blocks":{"featured-collections-0":{"type":"collection","settings":{}},"featured-collections-1":{"type":"collection","settings":{}},"featured-collections-2":{"type":"collection","settings":{}},"featured-collections-3":{"type":"collection","settings":{}},"featured-collections-4":{"type":"collection","settings":{}}},"block_order":["featured-collections-0","featured-collections-1","featured-collections-2","featured-collections-3","featured-collections-4"],"settings":{}},"featured-products":{"type":"featured-products","settings":{"collection_products_grid":"grid"}},"featured-product":{"type":"featured-product","settings":{}},"newsletter":{"type":"newsletter","settings":{}}},"content_for_index":["slideshow","featured-content","featured-collections","featured-products","featured-product","newsletter"]},"Playful":{"color_body_bg":"#ffffff","color_body_text":"#565656","color_borders":"#5dd2b4","color_button_text":"#ffffff","color_primary":"#7737BD","color_secondary":"#058677","color_product_background":"#fff4f6","color_sale_tag":"#e80970","color_input":"#f6f6f6","color_newsletter":"#bde9f2","color_drawer_background":"#360f5f","color_drawer_text":"#ffffff","color_drawer_border":"#50297a","color_drawer_button":"#7737BD","color_drawer_button_text":"#ffffff","color_headings":"#321863","type_header_family":"quicksand_n7","type_header_base_size":"38px","type_header_border_thickness":"1px","type_accent_family":"roboto_n7","type_accent_transform":true,"type_accent_spacing":true,"type_accent_subheadings":false,"type_base_family":"helvetica_n4","type_base_size":"17px","type_base_italize_titles":false,"cart_type":"drawer","cart_notes_enable":true,"social_facebook_link":"","social_twitter_link":"","social_pinterest_link":"","social_instagram_link":"","social_snapchat_link":"","social_google_plus_link":"","social_tumblr_link":"","social_youtube_link":"","social_vimeo_link":"","social_fancy_link":"","share_facebook":true,"share_twitter":true,"share_pinterest":true,"favicon":"","checkout_header_image":"","checkout_logo_image":"","checkout_logo_position":"left","checkout_logo_size":"small","checkout_body_background_image":"","checkout_body_background_color":"#ffffff","checkout_input_background_color_mode":"white","checkout_sidebar_background_image":"","checkout_sidebar_background_color":"#fff4f6","checkout_heading_font":"Helvetica Neue","checkout_body_font":"Roboto","checkout_accent_color":"#7737BD","checkout_button_color":"#7737BD","checkout_error_color":"#f01130","checkout_banner_background_color":"#fff","checkout_call_to_action_color":"#a26b25","checkout_use_header_image":false,"collection_products_grid":"collage","customer_layout":"customer_area","favicon_enable":false,"product_vendor_enable":false,"social_sharing_style":"clean","sections":{"slideshow":{"type":"slideshow","blocks":{"1495823280244":{"type":"slide","settings":{"slide_text_color":"#ffffff","slide_button_label_color":"#003B34","slide_button_background_color":"#84D1B2"}}},"block_order":["1495823280244"],"settings":{"hero_home_auto":false,"home_hero_auto_speed":5}},"featured-products":{"type":"featured-products","settings":{"home_featured_products":"frontpage","collection_products_grid":"collage"}},"newsletter":{"type":"newsletter","settings":{}},"header":{"type":"header","settings":{"logo_max_width":260,"search":"modal","main_menu_link_list":"main-menu","show_announcement":false,"color_bg":"#290c49","color_text":"#ffffff"}},"footer":{"type":"footer","settings":{"footer_link_list":"footer"}},"collection-template":{"type":"collection-template","settings":{"collection_tags_enable":false,"collection_products_grid":"grid","product_vendor_enable":false}},"1494860348200":{"type":"featured-row","settings":{"layout":"right"}},"1494894035034":{"type":"featured-row","settings":{"layout":"left"}},"product-template":{"type":"product-template","settings":{"product_vendor_enable":false,"social_sharing_products":true,"enable_image_zoom":false,"enable_video_looping":false}},"1496078102297":{"type":"advanced-content","blocks":{"1496078102297-0":{"type":"html","settings":{"code":"<div style=\"text-align:center;\">\n<h1 class=\"h1\">Use HTML to format your text so it can be easily read.<\/h1>This text can be used to share information about your brand with customers.<\/div>","width":"100%","alignment":"top-middle"}}},"block_order":["1496078102297-0"],"settings":{}},"1496177901425":{"type":"advanced-content","blocks":{"1496177901425-0":{"type":"html","settings":{"code":"<div style=\"width:745px;text-align: center; margin: 0 auto;\">This text can be used to share information about your brand with customers.<\/div>","width":"100%","alignment":"top-middle"}}},"block_order":["1496177901425-0"],"settings":{}}},"content_for_index":["slideshow","1496177901425","featured-products","newsletter","1496078102297","1494860348200","1494894035034"]}}}